ASM293505v1,GCF_002935055.1_ASM293505v1_protein.faa_WP_065424615.1,-,ssp6_aligned,-,5.6e-98,336.2,2.2,6.2e-98,336.0,2.2,1.0,1,0,0,1,1,1
ASM318265v1,GCF_003182655.1_ASM318265v1_protein.faa_WP_065424615.1,-,ssp6_aligned,-,5.6e-98,336.2,2.2,6.2e-98,336.0,2.2,1.0,1,0,0,1,1,1
DB11,GCF_000513215.1_DB11_protein.faa_WP_025302133.1,-,ssp6_aligned,-,1.8e-97,334.5,2.2,2e-97,334.3,2.2,1.0,1,0,0,1,1,1
ASM222053v1,GCF_002220535.1_ASM222053v1_protein.faa_WP_025302133.1,-,ssp6_aligned,-,1.8e-97,334.5,2.2,2e-97,334.3,2.2,1.0,1,0,0,1,1,1
ASM83439v1,GCF_000834395.1_ASM83439v1_protein.faa_WP_042546110.1,-,ssp6_aligned,-,9.3e-97,332.2,0.7,1e-96,332.0,0.7,1.0,1,0,0,1,1,1
ASM83451v1,GCF_000834515.1_ASM83451v1_protein.faa_WP_042569917.1,-,ssp6_aligned,-,2.1e-96,331.0,0.7,2.3e-96,330.9,0.7,1.0,1,0,0,1,1,1
ASM26104v2,GCF_000261045.2_ASM26104v2_protein.faa_WP_043911970.1,-,ssp6_aligned,-,1.1e-95,328.6,0.1,1.3e-95,328.5,0.1,1.0,1,0,0,1,1,1
ASM104767v1,GCF_001047675.1_ASM104767v1_protein.faa_WP_048617528.1,-,ssp6_aligned,-,2.3e-91,314.6,0.4,2.5e-91,314.4,0.4,1.0,1,0,0,1,1,1
DB11,GCF_000513215.1_DB11_protein.faa_WP_025305162.1,-,ssp6_aligned,-,1.8e-89,308.3,0.4,2e-89,308.2,0.4,1.0,1,0,0,1,1,1
ASM24032v1,GCF_000240325.1_ASM24032v1_protein.faa_WP_014230199.1,-,ssp6_aligned,-,1.1e-87,302.6,0.2,1.2e-87,302.4,0.2,1.0,1,0,0,1,1,1
ASM290643v1,GCF_002906435.1_ASM290643v1_protein.faa_WP_014230199.1,-,ssp6_aligned,-,1.1e-87,302.6,0.2,1.2e-87,302.4,0.2,1.0,1,0,0,1,1,1
ASM2726v1,GCF_000027265.1_ASM2726v1_protein.faa_WP_015899104.1,-,ssp6_aligned,-,5.6e-74,257.7,1.7,6.3e-74,257.6,1.7,1.0,1,0,0,1,1,1
ASM2726v1,GCF_000027265.1_ASM2726v1_protein.faa_WP_013023907.1,-,ssp6_aligned,-,3.1e-65,229.2,0.7,3.4e-65,229.0,0.7,1.0,1,0,0,1,1,1
ASM23997v1,GCF_000239975.1_ASM23997v1_protein.faa_WP_041162724.1,-,ssp6_aligned,-,4.8e-50,179.5,0.2,5.6e-50,179.3,0.2,1.0,1,0,0,1,1,1
ASM157272v1,GCF_001572725.1_ASM157272v1_protein.faa_WP_061324627.1,-,ssp6_aligned,-,6.7e-46,166.0,0.7,7.3e-46,165.9,0.7,1.0,1,0,0,1,1,1
ASM290304v1,GCF_002903045.1_ASM290304v1_protein.faa_WP_103245686.1,-,ssp6_aligned,-,7.3e-44,159.3,0.0,8.9e-44,159.0,0.0,1.0,1,0,0,1,1,1
ASM290308v1,GCF_002903085.1_ASM290308v1_protein.faa_WP_103245686.1,-,ssp6_aligned,-,7.3e-44,159.3,0.0,8.9e-44,159.0,0.0,1.0,1,0,0,1,1,1
ASM392591v1,GCF_003925915.1_ASM392591v1_protein.faa_WP_052249280.1,-,ssp6_aligned,-,7.6e-44,159.3,0.0,9.3e-44,159.0,0.0,1.0,1,0,0,1,1,1
ASM934v1,GCF_000009345.1_ASM934v1_protein.faa_YP_001006738.1,-,ssp6_aligned,-,2.5e-43,157.6,2.6,2.7e-43,157.5,2.6,1.0,1,0,0,1,1,1
ASM2088v1,GCF_000020885.1_ASM2088v1_protein.faa_WP_001139255.1,-,ssp6_aligned,-,1e-42,155.6,0.3,8.2e-41,149.3,0.2,2.2,1,1,0,1,1,1
ASM48419v2,GCF_000484195.2_ASM48419v2_protein.faa_WP_001139255.1,-,ssp6_aligned,-,1e-42,155.6,0.3,8.2e-41,149.3,0.2,2.2,1,1,0,1,1,1
ASM50384v1,GCF_000503845.1_ASM50384v1_protein.faa_WP_001139255.1,-,ssp6_aligned,-,1e-42,155.6,0.3,8.2e-41,149.3,0.2,2.2,1,1,0,1,1,1
ASM48616v2,GCF_000486165.2_ASM48616v2_protein.faa_WP_077958446.1,-,ssp6_aligned,-,2.9e-42,154.1,0.6,2.2e-40,147.9,0.5,2.2,1,1,0,1,1,1
ASM144878v2,GCF_001448785.2_ASM144878v2_protein.faa_WP_058108248.1,-,ssp6_aligned,-,3e-42,154.1,0.3,2.3e-40,147.9,0.3,2.1,1,1,0,1,1,1
ASM2720v1,GCF_000027205.1_ASM2720v1_protein.faa_WP_004159082.1,-,ssp6_aligned,-,6.1e-42,153.0,0.1,6.8e-42,152.9,0.1,1.0,1,0,0,1,1,1
ASM9156v1,GCF_000091565.1_ASM9156v1_protein.faa_WP_004159082.1,-,ssp6_aligned,-,6.1e-42,153.0,0.1,6.8e-42,152.9,0.1,1.0,1,0,0,1,1,1
ASM280386v1,GCF_002803865.1_ASM280386v1_protein.faa_WP_004159082.1,-,ssp6_aligned,-,6.1e-42,153.0,0.1,6.8e-42,152.9,0.1,1.0,1,0,0,1,1,1
ASM58251v1,GCF_000582515.1_ASM58251v1_protein.faa_WP_012413674.1,-,ssp6_aligned,-,2.5e-41,151.0,0.3,2.7e-41,150.9,0.3,1.0,1,0,0,1,1,1
ASM83447v1,GCF_000834475.1_ASM83447v1_protein.faa_WP_012413674.1,-,ssp6_aligned,-,2.5e-41,151.0,0.3,2.7e-41,150.9,0.3,1.0,1,0,0,1,1,1
ASM304825v1,GCF_003048255.1_ASM304825v1_protein.faa_WP_108088358.1,-,ssp6_aligned,-,5.2e-40,146.7,0.3,5.7e-40,146.6,0.3,1.0,1,0,0,1,1,1
ASM26230v1,GCF_000262305.1_ASM26230v1_protein.faa_WP_002439346.1,-,ssp6_aligned,-,2.2e-39,144.7,0.3,2.4e-39,144.6,0.3,1.0,1,0,0,1,1,1
ASM4736v1,GCF_000047365.1_ASM4736v1_protein.faa_WP_011192123.1,-,ssp6_aligned,-,2.9e-38,141.0,0.2,3.1e-38,140.9,0.2,1.0,1,0,0,1,1,1
ASM83429v1,GCF_000834295.1_ASM83429v1_protein.faa_WP_011192123.1,-,ssp6_aligned,-,2.9e-38,141.0,0.2,3.1e-38,140.9,0.2,1.0,1,0,0,1,1,1
ASM83435v1,GCF_000834355.1_ASM83435v1_protein.faa_WP_011192123.1,-,ssp6_aligned,-,2.9e-38,141.0,0.2,3.1e-38,140.9,0.2,1.0,1,0,0,1,1,1
ASM83443v1,GCF_000834435.1_ASM83443v1_protein.faa_WP_011192123.1,-,ssp6_aligned,-,2.9e-38,141.0,0.2,3.1e-38,140.9,0.2,1.0,1,0,0,1,1,1
ASM83447v1,GCF_000834475.1_ASM83447v1_protein.faa_WP_011192123.1,-,ssp6_aligned,-,2.9e-38,141.0,0.2,3.1e-38,140.9,0.2,1.0,1,0,0,1,1,1
ASM19661v1,GCF_000196615.1_ASM19661v1_protein.faa_WP_013200408.1,-,ssp6_aligned,-,3.3e-38,140.8,0.1,3.6e-38,140.7,0.1,1.0,1,0,0,1,1,1
ASM2618v1,GCF_000026185.1_ASM2618v1_protein.faa_WP_012442912.1,-,ssp6_aligned,-,6.5e-38,139.9,0.1,7.2e-38,139.7,0.1,1.0,1,0,0,1,1,1
ASM78500v1,GCF_000785005.1_ASM78500v1_protein.faa_WP_032433152.1,-,ssp6_aligned,-,1.9e-36,135.1,0.0,2.4e-36,134.8,0.0,1.1,1,0,0,1,1,1
ASM170142v2,GCF_001701425.2_ASM170142v2_protein.faa_WP_032433152.1,-,ssp6_aligned,-,1.9e-36,135.1,0.0,2.4e-36,134.8,0.0,1.1,1,0,0,1,1,1
ASM185531v1,GCF_001855315.1_ASM185531v1_protein.faa_WP_032433152.1,-,ssp6_aligned,-,1.9e-36,135.1,0.0,2.4e-36,134.8,0.0,1.1,1,0,0,1,1,1
ASM300617v1,GCF_003006175.1_ASM300617v1_protein.faa_WP_032433152.1,-,ssp6_aligned,-,1.9e-36,135.1,0.0,2.4e-36,134.8,0.0,1.1,1,0,0,1,1,1
ASM96815v1,GCF_000968155.1_ASM96815v1_protein.faa_WP_071609116.1,-,ssp6_aligned,-,2.2e-36,134.9,0.0,2.8e-36,134.5,0.0,1.1,1,0,0,1,1,1
ASM344375v1,GCF_003443755.1_ASM344375v1_protein.faa_WP_032409201.1,-,ssp6_aligned,-,2.8e-36,134.5,0.0,3.6e-36,134.2,0.0,1.1,1,0,0,1,1,1
ASM131656v3,GCF_001316565.3_ASM131656v3_protein.faa_WP_071600600.1,-,ssp6_aligned,-,1.1e-35,132.6,0.0,1.1e-35,132.5,0.0,1.0,1,0,0,1,1,1
ASM222067v1,GCF_002220675.1_ASM222067v1_protein.faa_WP_089191553.1,-,ssp6_aligned,-,2.4e-35,131.5,0.7,2.8e-35,131.3,0.7,1.1,1,0,0,1,1,1
ASM36438v3,GCF_000364385.3_ASM36438v3_protein.faa_WP_065928302.1,-,ssp6_aligned,-,2.5e-35,131.4,0.0,3.1e-35,131.1,0.0,1.1,1,0,0,1,1,1
ASM73949v1,GCF_000739495.1_ASM73949v1_protein.faa_WP_065928302.1,-,ssp6_aligned,-,2.5e-35,131.4,0.0,3.1e-35,131.1,0.0,1.1,1,0,0,1,1,1
ASM289382v1,GCF_002893825.1_ASM289382v1_protein.faa_WP_065928302.1,-,ssp6_aligned,-,2.5e-35,131.4,0.0,3.1e-35,131.1,0.0,1.1,1,0,0,1,1,1
ASM320343v1,GCF_003203435.1_ASM320343v1_protein.faa_WP_065928302.1,-,ssp6_aligned,-,2.5e-35,131.4,0.0,3.1e-35,131.1,0.0,1.1,1,0,0,1,1,1
ASM28143v2,GCF_000281435.2_ASM28143v2_protein.faa_WP_004151197.1,-,ssp6_aligned,-,3.2e-35,131.1,0.0,4e-35,130.8,0.0,1.1,1,0,0,1,1,1
ASM28153v2,GCF_000281535.2_ASM28153v2_protein.faa_WP_004151197.1,-,ssp6_aligned,-,3.2e-35,131.1,0.0,4e-35,130.8,0.0,1.1,1,0,0,1,1,1
ASM40676v2,GCF_000406765.2_ASM40676v2_protein.faa_WP_004151197.1,-,ssp6_aligned,-,3.2e-35,131.1,0.0,4e-35,130.8,0.0,1.1,1,0,0,1,1,1
ASM41708v2,GCF_000417085.2_ASM41708v2_protein.faa_WP_004151197.1,-,ssp6_aligned,-,3.2e-35,131.1,0.0,4e-35,130.8,0.0,1.1,1,0,0,1,1,1
ASM41722v2,GCF_000417225.2_ASM41722v2_protein.faa_WP_004151197.1,-,ssp6_aligned,-,3.2e-35,131.1,0.0,4e-35,130.8,0.0,1.1,1,0,0,1,1,1
ASM51216v1,GCF_000512165.1_ASM51216v1_protein.faa_WP_004151197.1,-,ssp6_aligned,-,3.2e-35,131.1,0.0,4e-35,130.8,0.0,1.1,1,0,0,1,1,1
ASM59790v1,GCF_000597905.1_ASM59790v1_protein.faa_WP_004151197.1,-,ssp6_aligned,-,3.2e-35,131.1,0.0,4e-35,130.8,0.0,1.1,1,0,0,1,1,1
ASM59800v1,GCF_000598005.1_ASM59800v1_protein.faa_WP_004151197.1,-,ssp6_aligned,-,3.2e-35,131.1,0.0,4e-35,130.8,0.0,1.1,1,0,0,1,1,1
ASM77537v1,GCF_000775375.1_ASM77537v1_protein.faa_WP_004151197.1,-,ssp6_aligned,-,3.2e-35,131.1,0.0,4e-35,130.8,0.0,1.1,1,0,0,1,1,1
ASM77539v1,GCF_000775395.1_ASM77539v1_protein.faa_WP_004151197.1,-,ssp6_aligned,-,3.2e-35,131.1,0.0,4e-35,130.8,0.0,1.1,1,0,0,1,1,1
ASM78498v1,GCF_000784985.1_ASM78498v1_protein.faa_WP_004151197.1,-,ssp6_aligned,-,3.2e-35,131.1,0.0,4e-35,130.8,0.0,1.1,1,0,0,1,1,1
ASM215672v1,GCF_002156725.1_ASM215672v1_protein.faa_WP_004151197.1,-,ssp6_aligned,-,3.2e-35,131.1,0.0,4e-35,130.8,0.0,1.1,1,0,0,1,1,1
ASM161105v1,GCF_001611055.1_ASM161105v1_protein.faa_WP_071531893.1,-,ssp6_aligned,-,6.9e-35,130.0,0.0,8.7e-35,129.7,0.0,1.1,1,0,0,1,1,1
ASM161109v1,GCF_001611095.1_ASM161109v1_protein.faa_WP_071531893.1,-,ssp6_aligned,-,6.9e-35,130.0,0.0,8.7e-35,129.7,0.0,1.1,1,0,0,1,1,1
ASM988v1,GCF_000009885.1_ASM988v1_protein.faa_WP_071824227.1,-,ssp6_aligned,-,1.6e-34,128.8,0.0,1.7e-34,128.7,0.0,1.0,1,0,0,1,1,1
ASM29436v1,GCF_000294365.1_ASM29436v1_protein.faa_WP_071824227.1,-,ssp6_aligned,-,1.6e-34,128.8,0.0,1.7e-34,128.7,0.0,1.0,1,0,0,1,1,1
ASM78494v1,GCF_000784945.1_ASM78494v1_protein.faa_WP_071888962.1,-,ssp6_aligned,-,6.6e-34,126.8,0.0,7.2e-34,126.7,0.0,1.0,1,0,0,1,1,1
ASM290300v1,GCF_002903005.1_ASM290300v1_protein.faa_WP_072041649.1,-,ssp6_aligned,-,9.3e-34,126.3,0.0,1.2e-33,126.0,0.0,1.1,1,0,0,1,1,1
ASM293508v1,GCF_002935085.1_ASM293508v1_protein.faa_WP_072041649.1,-,ssp6_aligned,-,9.3e-34,126.3,0.0,1.2e-33,126.0,0.0,1.1,1,0,0,1,1,1
ASM145613v1,GCF_001456135.1_ASM145613v1_protein.faa_WP_071844786.1,-,ssp6_aligned,-,1.4e-33,125.8,0.0,1.5e-33,125.6,0.0,1.0,1,0,0,1,1,1
ASM77595v1,GCF_000775955.1_ASM77595v1_protein.faa_WP_071562423.1,-,ssp6_aligned,-,6.6e-33,123.5,0.0,8.4e-33,123.2,0.0,1.1,1,0,0,1,1,1
ASM193988v2,GCF_001939885.2_ASM193988v2_protein.faa_WP_071994401.1,-,ssp6_aligned,-,6.7e-33,123.5,0.0,8.4e-33,123.2,0.0,1.1,1,0,0,1,1,1
ASM73325v1,GCF_000733255.1_ASM73325v1_protein.faa_WP_071527872.1,-,ssp6_aligned,-,2.2e-32,121.8,0.0,2.3e-32,121.7,0.0,1.0,1,0,0,1,1,1
ASM76461v1,GCF_000764615.1_ASM76461v1_protein.faa_WP_071527872.1,-,ssp6_aligned,-,2.2e-32,121.8,0.0,2.3e-32,121.7,0.0,1.0,1,0,0,1,1,1
ASM130717v1,GCF_001307175.1_ASM130717v1_protein.faa_WP_071527872.1,-,ssp6_aligned,-,2.2e-32,121.8,0.0,2.3e-32,121.7,0.0,1.0,1,0,0,1,1,1
ASM152189v1,GCF_001521895.1_ASM152189v1_protein.faa_WP_071527872.1,-,ssp6_aligned,-,2.2e-32,121.8,0.0,2.3e-32,121.7,0.0,1.0,1,0,0,1,1,1
ASM215678v1,GCF_002156785.1_ASM215678v1_protein.faa_WP_071527872.1,-,ssp6_aligned,-,2.2e-32,121.8,0.0,2.3e-32,121.7,0.0,1.0,1,0,0,1,1,1
ASM326798v1,GCF_003267985.1_ASM326798v1_protein.faa_WP_071527872.1,-,ssp6_aligned,-,2.2e-32,121.8,0.0,2.3e-32,121.7,0.0,1.0,1,0,0,1,1,1
ASM1630v1,GCF_000016305.1_ASM1630v1_protein.faa_WP_071526666.1,-,ssp6_aligned,-,2.3e-32,121.8,0.0,2.4e-32,121.7,0.0,1.0,1,0,0,1,1,1
ASM187016v1,GCF_001870165.1_ASM187016v1_protein.faa_WP_071526666.1,-,ssp6_aligned,-,2.3e-32,121.8,0.0,2.4e-32,121.7,0.0,1.0,1,0,0,1,1,1
ASM290302v1,GCF_002903025.1_ASM290302v1_protein.faa_WP_071888317.1,-,ssp6_aligned,-,2.6e-32,121.5,0.0,2.8e-32,121.5,0.0,1.0,1,0,0,1,1,1
ASM22048v1,GCF_000220485.1_ASM22048v1_protein.faa_WP_071820809.1,-,ssp6_aligned,-,3.3e-32,121.2,0.0,3.6e-32,121.1,0.0,1.0,1,0,0,1,1,1
ASM74275v1,GCF_000742755.1_ASM74275v1_protein.faa_WP_071882671.1,-,ssp6_aligned,-,5.4e-32,120.5,0.0,5.8e-32,120.4,0.0,1.0,1,0,0,1,1,1
ASM25553v1,GCF_000255535.1_ASM25553v1_protein.faa_WP_015690380.1,-,ssp6_aligned,-,3.3e-30,114.7,0.3,3.7e-30,114.5,0.3,1.0,1,0,0,1,1,1
ASM18770v1,GCF_000187705.1_ASM18770v1_protein.faa_WP_013577462.1,-,ssp6_aligned,-,3.8e-30,114.5,0.1,4.5e-30,114.3,0.1,1.0,1,0,0,1,1,1
ASM25553v1,GCF_000255535.1_ASM25553v1_protein.faa_WP_013577462.1,-,ssp6_aligned,-,3.8e-30,114.5,0.1,4.5e-30,114.3,0.1,1.0,1,0,0,1,1,1
ASM18770v1,GCF_000187705.1_ASM18770v1_protein.faa_WP_013576894.1,-,ssp6_aligned,-,4.3e-30,114.3,0.3,4.7e-30,114.2,0.3,1.0,1,0,0,1,1,1
ASM193988v2,GCF_001939885.2_ASM193988v2_protein.faa_WP_032433423.1,-,ssp6_aligned,-,1e-29,113.1,0.3,1.2e-29,112.9,0.3,1.0,1,0,0,1,1,1
ASM215676v1,GCF_002156765.1_ASM215676v1_protein.faa_WP_032433423.1,-,ssp6_aligned,-,1e-29,113.1,0.3,1.2e-29,112.9,0.3,1.0,1,0,0,1,1,1
ASM295273v1,GCF_002952735.1_ASM295273v1_protein.faa_WP_104949499.1,-,ssp6_aligned,-,1.2e-29,112.9,0.5,1.4e-29,112.7,0.5,1.0,1,0,0,1,1,1
ASM75778v1,GCF_000757785.1_ASM75778v1_protein.faa_WP_043085395.1,-,ssp6_aligned,-,2.1e-29,112.0,0.1,2.5e-29,111.8,0.1,1.0,1,0,0,1,1,1
ASM26092v1,GCF_000260925.1_ASM26092v1_protein.faa_WP_010309358.1,-,ssp6_aligned,-,2.9e-29,111.6,0.3,3.4e-29,111.4,0.3,1.1,1,0,0,1,1,1
ASM344375v1,GCF_003443755.1_ASM344375v1_protein.faa_WP_029602909.1,-,ssp6_aligned,-,4e-29,111.1,0.6,4.5e-29,111.0,0.6,1.0,1,0,0,1,1,1
ASM24018v2,GCF_000240185.1_ASM24018v2_protein.faa_YP_005224860.1,-,ssp6_aligned,-,5.3e-29,110.8,0.4,5.9e-29,110.6,0.4,1.0,1,0,0,1,1,1
ASM28143v2,GCF_000281435.2_ASM28143v2_protein.faa_WP_004152211.1,-,ssp6_aligned,-,5.3e-29,110.8,0.4,5.9e-29,110.6,0.4,1.0,1,0,0,1,1,1
ASM28153v2,GCF_000281535.2_ASM28153v2_protein.faa_WP_004152211.1,-,ssp6_aligned,-,5.3e-29,110.8,0.4,5.9e-29,110.6,0.4,1.0,1,0,0,1,1,1
ASM36438v3,GCF_000364385.3_ASM36438v3_protein.faa_WP_004152211.1,-,ssp6_aligned,-,5.3e-29,110.8,0.4,5.9e-29,110.6,0.4,1.0,1,0,0,1,1,1
ASM40676v2,GCF_000406765.2_ASM40676v2_protein.faa_WP_004152211.1,-,ssp6_aligned,-,5.3e-29,110.8,0.4,5.9e-29,110.6,0.4,1.0,1,0,0,1,1,1
ASM41708v2,GCF_000417085.2_ASM41708v2_protein.faa_WP_004152211.1,-,ssp6_aligned,-,5.3e-29,110.8,0.4,5.9e-29,110.6,0.4,1.0,1,0,0,1,1,1
ASM41722v2,GCF_000417225.2_ASM41722v2_protein.faa_WP_004152211.1,-,ssp6_aligned,-,5.3e-29,110.8,0.4,5.9e-29,110.6,0.4,1.0,1,0,0,1,1,1
ASM59790v1,GCF_000597905.1_ASM59790v1_protein.faa_WP_004152211.1,-,ssp6_aligned,-,5.3e-29,110.8,0.4,5.9e-29,110.6,0.4,1.0,1,0,0,1,1,1
ASM59800v1,GCF_000598005.1_ASM59800v1_protein.faa_WP_004152211.1,-,ssp6_aligned,-,5.3e-29,110.8,0.4,5.9e-29,110.6,0.4,1.0,1,0,0,1,1,1
ASM77537v1,GCF_000775375.1_ASM77537v1_protein.faa_WP_004152211.1,-,ssp6_aligned,-,5.3e-29,110.8,0.4,5.9e-29,110.6,0.4,1.0,1,0,0,1,1,1
ASM77539v1,GCF_000775395.1_ASM77539v1_protein.faa_WP_004152211.1,-,ssp6_aligned,-,5.3e-29,110.8,0.4,5.9e-29,110.6,0.4,1.0,1,0,0,1,1,1
ASM78498v1,GCF_000784985.1_ASM78498v1_protein.faa_WP_004152211.1,-,ssp6_aligned,-,5.3e-29,110.8,0.4,5.9e-29,110.6,0.4,1.0,1,0,0,1,1,1
ASM215672v1,GCF_002156725.1_ASM215672v1_protein.faa_WP_004152211.1,-,ssp6_aligned,-,5.3e-29,110.8,0.4,5.9e-29,110.6,0.4,1.0,1,0,0,1,1,1
ASM289382v1,GCF_002893825.1_ASM289382v1_protein.faa_WP_004152211.1,-,ssp6_aligned,-,5.3e-29,110.8,0.4,5.9e-29,110.6,0.4,1.0,1,0,0,1,1,1
ASM320343v1,GCF_003203435.1_ASM320343v1_protein.faa_WP_004152211.1,-,ssp6_aligned,-,5.3e-29,110.8,0.4,5.9e-29,110.6,0.4,1.0,1,0,0,1,1,1
ASM83419v1,GCF_000834195.1_ASM83419v1_protein.faa_WP_005168850.1,-,ssp6_aligned,-,5.9e-29,110.6,0.1,6.4e-29,110.5,0.1,1.0,1,0,0,1,1,1
ASM230735v1,GCF_002307355.1_ASM230735v1_protein.faa_WP_095994299.1,-,ssp6_aligned,-,1.2e-28,109.6,0.4,1.5e-28,109.3,0.4,1.1,1,0,0,1,1,1
ASM26092v1,GCF_000260925.1_ASM26092v1_protein.faa_WP_014699574.1,-,ssp6_aligned,-,1.4e-28,109.4,0.3,1.6e-28,109.2,0.3,1.1,1,0,0,1,1,1
ASM27670v2,GCF_000276705.2_ASM27670v2_protein.faa_WP_113705932.1,-,ssp6_aligned,-,7.8e-28,106.9,0.0,9e-28,106.7,0.0,1.0,1,0,0,1,1,1
ASM18017v2,GCF_000180175.2_ASM18017v2_protein.faa_WP_010617811.1,-,ssp6_aligned,-,1.2e-27,106.3,0.4,1.3e-27,106.3,0.4,1.0,1,0,0,1,1,1
ASM78500v1,GCF_000785005.1_ASM78500v1_protein.faa_WP_004192261.1,-,ssp6_aligned,-,2.1e-27,105.5,0.5,2.4e-27,105.3,0.5,1.0,1,0,0,1,1,1
ASM170142v2,GCF_001701425.2_ASM170142v2_protein.faa_WP_004192261.1,-,ssp6_aligned,-,2.1e-27,105.5,0.5,2.4e-27,105.3,0.5,1.0,1,0,0,1,1,1
ASM185531v1,GCF_001855315.1_ASM185531v1_protein.faa_WP_004192261.1,-,ssp6_aligned,-,2.1e-27,105.5,0.5,2.4e-27,105.3,0.5,1.0,1,0,0,1,1,1
ASM187016v1,GCF_001870165.1_ASM187016v1_protein.faa_WP_004192261.1,-,ssp6_aligned,-,2.1e-27,105.5,0.5,2.4e-27,105.3,0.5,1.0,1,0,0,1,1,1
ASM300617v1,GCF_003006175.1_ASM300617v1_protein.faa_WP_004192261.1,-,ssp6_aligned,-,2.1e-27,105.5,0.5,2.4e-27,105.3,0.5,1.0,1,0,0,1,1,1
ASM19210v1,GCF_000192105.1_ASM19210v1_protein.faa_WP_013649708.1,-,ssp6_aligned,-,6.3e-27,104.0,0.1,6.9e-27,103.8,0.1,1.0,1,0,0,1,1,1
ASM83473v1,GCF_000834735.1_ASM83473v1_protein.faa_WP_013649708.1,-,ssp6_aligned,-,6.3e-27,104.0,0.1,6.9e-27,103.8,0.1,1.0,1,0,0,1,1,1
ASM25317v1,GCF_000253175.1_ASM25317v1_protein.faa_WP_005160367.1,-,ssp6_aligned,-,6e-26,100.8,0.2,6.6e-26,100.6,0.2,1.0,1,0,0,1,1,1
ASM1956v1,GCF_000019565.1_ASM1956v1_protein.faa_WP_123809097.1,-,ssp6_aligned,-,2.2e-16,69.5,0.4,2.4e-16,69.4,0.4,1.0,1,0,0,1,1,1
ASM33086v1,GCF_000330865.1_ASM33086v1_protein.faa_WP_015672940.1,-,ssp6_aligned,-,2.1e-15,66.3,0.4,3.3e-15,65.7,0.4,1.3,1,0,0,1,1,1
ASM28387v1,GCF_000283875.1_ASM28387v1_protein.faa_WP_041455940.1,-,ssp6_aligned,-,4.6e-15,65.2,0.0,6.2e-15,64.8,0.0,1.1,1,0,0,1,1,1
ASM934v1,GCF_000009345.1_ASM934v1_protein.faa_YP_001006518.1,-,ssp6_aligned,-,1e-14,64.0,0.5,2e-14,63.1,0.5,1.4,1,1,0,1,1,1
ASM83445v1,GCF_000834455.1_ASM83445v1_protein.faa_WP_004716913.1,-,ssp6_aligned,-,2.4e-14,62.9,0.5,3.7e-14,62.2,0.5,1.3,1,0,0,1,1,1
ASM83439v1,GCF_000834395.1_ASM83439v1_protein.faa_WP_042546524.1,-,ssp6_aligned,-,3.3e-14,62.4,1.6,7.1e-14,61.3,1.6,1.5,1,1,0,1,1,1
ASM14893v1,GCF_000148935.1_ASM14893v1_protein.faa_WP_049788892.1,-,ssp6_aligned,-,3.6e-14,62.3,0.1,6.2e-14,61.5,0.1,1.4,1,1,0,1,1,1
ASM83419v1,GCF_000834195.1_ASM83419v1_protein.faa_WP_005169232.1,-,ssp6_aligned,-,5.4e-14,61.7,0.6,1e-13,60.8,0.6,1.4,1,1,0,1,1,1
ASM83451v1,GCF_000834515.1_ASM83451v1_protein.faa_WP_042569923.1,-,ssp6_aligned,-,9.7e-14,60.9,0.5,2.3e-13,59.6,0.5,1.6,1,1,0,1,1,1
ASM303245v1,GCF_003032455.1_ASM303245v1_protein.faa_WP_033784073.1,-,ssp6_aligned,-,7.2e-13,58.0,0.3,2.5e-12,56.3,0.3,1.8,1,1,0,1,1,1
ASM222051v1,GCF_002220515.1_ASM222051v1_protein.faa_WP_060660224.1,-,ssp6_aligned,-,1.4e-12,57.1,0.0,1.7e-12,56.8,0.0,1.1,1,0,0,1,1,1
ASM222071v1,GCF_002220715.1_ASM222071v1_protein.faa_WP_060660224.1,-,ssp6_aligned,-,1.4e-12,57.1,0.0,1.7e-12,56.8,0.0,1.1,1,0,0,1,1,1
ASM222059v1,GCF_002220595.1_ASM222059v1_protein.faa_WP_043142051.1,-,ssp6_aligned,-,2.6e-12,56.2,0.0,3.2e-12,55.9,0.0,1.1,1,0,0,1,1,1
ASM30045v4,GCF_000300455.3_ASM30045v4_protein.faa_WP_017456126.1,-,ssp6_aligned,-,1.7e-11,53.5,0.2,2.1e-11,53.2,0.2,1.1,1,0,0,1,1,1
ASM127727v1,GCF_001277275.1_ASM127727v1_protein.faa_WP_032803472.1,-,ssp6_aligned,-,5.1e-10,48.7,0.6,7.7e-10,48.1,0.6,1.3,1,0,0,1,1,1
ASM127723v1,GCF_001277235.1_ASM127723v1_protein.faa_WP_032967441.1,-,ssp6_aligned,-,9.6e-10,47.8,2.5,2e-09,46.8,2.5,1.6,1,1,0,1,1,1
ASM127717v1,GCF_001277175.1_ASM127717v1_protein.faa_WP_032804440.1,-,ssp6_aligned,-,1.3e-09,47.4,2.5,2.7e-09,46.3,2.5,1.6,1,1,0,1,1,1
ASM21574v1,GCF_000215745.1_ASM21574v1_protein.faa_YP_004593158.1,-,ssp6_aligned,-,7.6e-09,44.9,0.3,1.6e-08,43.8,0.3,1.6,1,1,0,1,1,1
ASM75434v1,GCF_000754345.1_ASM75434v1_protein.faa_WP_040132508.1,-,ssp6_aligned,-,4.8e-06,35.7,1.6,7.9e-06,35.0,1.6,1.3,1,0,0,1,1,1
ASM1366v1,GCF_000013665.1_ASM1366v1_protein.faa_WP_011470329.1,-,ssp6_aligned,-,9.7e-06,34.7,2.1,0.00097,28.2,0.0,2.7,1,1,2,3,3,2
ASM74096v1,GCF_000740965.1_ASM74096v1_protein.faa_WP_039289415.1,-,ssp6_aligned,-,1.9e-05,33.7,2.0,4.4e-05,32.6,2.0,1.5,1,1,0,1,1,1
ASM2302v1,GCF_000023025.1_ASM2302v1_protein.faa_WP_015819828.1,-,ssp6_aligned,-,9e-05,31.6,0.3,0.0011,28.0,0.0,2.0,1,1,0,2,2,2
ASM14705v1,GCF_000147055.1_ASM14705v1_protein.faa_WP_013318139.1,-,ssp6_aligned,-,0.00069,28.7,2.4,0.0024,26.9,2.3,1.8,1,1,0,1,1,1
ASM222067v1,GCF_002220675.1_ASM222067v1_protein.faa_WP_089191507.1,-,ssp6_aligned,-,0.0012,27.9,2.2,0.002,27.1,2.2,1.3,1,1,0,1,1,1
ASM74096v1,GCF_000740965.1_ASM74096v1_protein.faa_WP_039291095.1,-,ssp6_aligned,-,0.0019,27.2,3.1,0.0048,25.9,3.1,1.6,1,1,0,1,1,1
ASM83439v1,GCF_000834395.1_ASM83439v1_protein.faa_WP_042547005.1,-,ssp6_aligned,-,0.0048,25.9,0.7,0.0075,25.3,0.7,1.2,1,0,0,1,1,1
ASM83325v1,GCF_000833255.1_ASM83325v1_protein.faa_WP_044527181.1,-,ssp6_aligned,-,0.0069,25.4,1.2,0.009,25.0,1.2,1.2,1,0,0,1,1,1
ASM19210v1,GCF_000192105.1_ASM19210v1_protein.faa_WP_032904696.1,-,ssp6_aligned,-,0.0089,25.0,0.2,0.0096,24.9,0.2,1.1,1,0,0,1,1,1
ASM83473v1,GCF_000834735.1_ASM83473v1_protein.faa_WP_032904696.1,-,ssp6_aligned,-,0.0089,25.0,0.2,0.0096,24.9,0.2,1.1,1,0,0,1,1,1
ASM222458v2,GCF_002224585.2_ASM222458v2_protein.faa_WP_089517907.1,-,ssp6_aligned,-,0.013,24.5,1.3,0.022,23.8,1.3,1.3,1,0,0,1,1,1
ASM222063v1,GCF_002220635.1_ASM222063v1_protein.faa_WP_089186365.1,-,ssp6_aligned,-,0.014,24.4,1.2,0.024,23.6,1.2,1.3,1,0,0,1,1,1
ASM23997v1,GCF_000239975.1_ASM23997v1_protein.faa_WP_071820421.1,-,ssp6_aligned,-,0.019,24.0,0.0,0.02,23.9,0.0,1.0,1,0,0,1,1,1
ASM29453v1,GCF_000294535.1_ASM29453v1_protein.faa_WP_014914463.1,-,ssp6_aligned,-,0.021,23.8,2.8,0.041,22.9,2.8,1.4,1,1,0,1,1,1
ASM188820v1,GCF_001888205.1_ASM188820v1_protein.faa_WP_072502717.1,-,ssp6_aligned,-,0.026,23.5,0.5,0.034,23.1,0.5,1.1,1,0,0,1,1,1
ASM228854v1,GCF_002288545.1_ASM228854v1_protein.faa_WP_095700090.1,-,ssp6_aligned,-,0.043,22.8,1.3,0.093,21.7,1.3,1.5,1,1,0,1,1,1
ASM83329v1,GCF_000833295.1_ASM83329v1_protein.faa_WP_042524627.1,-,ssp6_aligned,-,0.051,22.6,0.2,0.068,22.2,0.2,1.1,1,0,0,1,1,1
ASM51237v1,GCF_000512375.1_ASM51237v1_protein.faa_WP_071842214.1,-,ssp6_aligned,-,0.091,21.7,0.0,0.096,21.7,0.0,1.0,1,0,0,1,1,1
ASM215676v1,GCF_002156765.1_ASM215676v1_protein.faa_WP_086893142.1,-,ssp6_aligned,-,0.12,21.3,6.0,1,18.3,4.5,2.5,1,1,1,2,2,2
ASM34872v1,GCF_000348725.1_ASM34872v1_protein.faa_WP_015469188.1,-,ssp6_aligned,-,0.15,21.0,0.0,21,14.0,0.0,2.1,1,1,1,2,2,2
ASM58251v1,GCF_000582515.1_ASM58251v1_protein.faa_WP_025384499.1,-,ssp6_aligned,-,0.16,20.9,2.6,0.18,20.8,1.1,1.8,1,1,1,2,2,1
ASM289147v1,GCF_002891475.1_ASM289147v1_protein.faa_WP_102831027.1,-,ssp6_aligned,-,0.23,20.4,1.5,0.9,18.5,1.5,2.0,1,1,0,1,1,1
ASM2546v1,GCF_000025465.1_ASM2546v1_protein.faa_WP_012968259.1,-,ssp6_aligned,-,0.25,20.3,5.1,1.9,17.4,3.5,2.5,1,1,1,2,2,2
ASM1956v1,GCF_000019565.1_ASM1956v1_protein.faa_WP_012541765.1,-,ssp6_aligned,-,0.26,20.3,5.4,2.2,17.2,4.0,2.5,1,1,1,2,2,2
ASM81220v2,GCF_000812205.2_ASM81220v2_protein.faa_WP_039103383.1,-,ssp6_aligned,-,0.27,20.2,5.3,2.4,17.1,4.3,2.5,1,1,1,2,2,2
ASM30045v4,GCF_000300455.3_ASM30045v4_protein.faa_WP_017460063.1,-,ssp6_aligned,-,0.36,19.8,0.1,0.5,19.3,0.1,1.2,1,0,0,1,1,1
ASM24018v2,GCF_000240185.1_ASM24018v2_protein.faa_YP_005226873.1,-,ssp6_aligned,-,0.55,19.2,5.4,7.4,15.5,4.6,2.5,1,1,1,2,2,2
ASM28143v2,GCF_000281435.2_ASM28143v2_protein.faa_WP_004151627.1,-,ssp6_aligned,-,0.55,19.2,5.4,7.4,15.5,4.6,2.5,1,1,1,2,2,2
ASM28153v2,GCF_000281535.2_ASM28153v2_protein.faa_WP_004151627.1,-,ssp6_aligned,-,0.55,19.2,5.4,7.4,15.5,4.6,2.5,1,1,1,2,2,2
ASM36438v3,GCF_000364385.3_ASM36438v3_protein.faa_WP_004151627.1,-,ssp6_aligned,-,0.55,19.2,5.4,7.4,15.5,4.6,2.5,1,1,1,2,2,2
ASM40676v2,GCF_000406765.2_ASM40676v2_protein.faa_WP_004151627.1,-,ssp6_aligned,-,0.55,19.2,5.4,7.4,15.5,4.6,2.5,1,1,1,2,2,2
ASM41708v2,GCF_000417085.2_ASM41708v2_protein.faa_WP_004151627.1,-,ssp6_aligned,-,0.55,19.2,5.4,7.4,15.5,4.6,2.5,1,1,1,2,2,2
ASM41722v2,GCF_000417225.2_ASM41722v2_protein.faa_WP_004151627.1,-,ssp6_aligned,-,0.55,19.2,5.4,7.4,15.5,4.6,2.5,1,1,1,2,2,2
ASM51216v1,GCF_000512165.1_ASM51216v1_protein.faa_WP_004151627.1,-,ssp6_aligned,-,0.55,19.2,5.4,7.4,15.5,4.6,2.5,1,1,1,2,2,2
ASM59790v1,GCF_000597905.1_ASM59790v1_protein.faa_WP_004151627.1,-,ssp6_aligned,-,0.55,19.2,5.4,7.4,15.5,4.6,2.5,1,1,1,2,2,2
ASM59800v1,GCF_000598005.1_ASM59800v1_protein.faa_WP_004151627.1,-,ssp6_aligned,-,0.55,19.2,5.4,7.4,15.5,4.6,2.5,1,1,1,2,2,2
ASM73949v1,GCF_000739495.1_ASM73949v1_protein.faa_WP_004151627.1,-,ssp6_aligned,-,0.55,19.2,5.4,7.4,15.5,4.6,2.5,1,1,1,2,2,2
ASM74275v1,GCF_000742755.1_ASM74275v1_protein.faa_WP_004151627.1,-,ssp6_aligned,-,0.55,19.2,5.4,7.4,15.5,4.6,2.5,1,1,1,2,2,2
ASM77537v1,GCF_000775375.1_ASM77537v1_protein.faa_WP_004151627.1,-,ssp6_aligned,-,0.55,19.2,5.4,7.4,15.5,4.6,2.5,1,1,1,2,2,2
ASM77539v1,GCF_000775395.1_ASM77539v1_protein.faa_WP_004151627.1,-,ssp6_aligned,-,0.55,19.2,5.4,7.4,15.5,4.6,2.5,1,1,1,2,2,2
ASM78498v1,GCF_000784985.1_ASM78498v1_protein.faa_WP_004151627.1,-,ssp6_aligned,-,0.55,19.2,5.4,7.4,15.5,4.6,2.5,1,1,1,2,2,2
ASM215672v1,GCF_002156725.1_ASM215672v1_protein.faa_WP_004151627.1,-,ssp6_aligned,-,0.55,19.2,5.4,7.4,15.5,4.6,2.5,1,1,1,2,2,2
ASM289382v1,GCF_002893825.1_ASM289382v1_protein.faa_WP_004151627.1,-,ssp6_aligned,-,0.55,19.2,5.4,7.4,15.5,4.6,2.5,1,1,1,2,2,2
ASM320343v1,GCF_003203435.1_ASM320343v1_protein.faa_WP_004151627.1,-,ssp6_aligned,-,0.55,19.2,5.4,7.4,15.5,4.6,2.5,1,1,1,2,2,2
ASM1630v1,GCF_000016305.1_ASM1630v1_protein.faa_WP_015958393.1,-,ssp6_aligned,-,0.65,18.9,5.4,5.3,16.0,4.4,2.4,1,1,1,2,2,2
ASM78494v1,GCF_000784945.1_ASM78494v1_protein.faa_WP_016946868.1,-,ssp6_aligned,-,0.76,18.7,4.6,4.9,16.1,4.1,2.1,1,1,0,1,1,1
ASM187016v1,GCF_001870165.1_ASM187016v1_protein.faa_WP_009485261.1,-,ssp6_aligned,-,0.86,18.6,5.3,6,15.8,4.4,2.3,1,1,1,2,2,2
ASM193988v2,GCF_001939885.2_ASM193988v2_protein.faa_WP_009485261.1,-,ssp6_aligned,-,0.86,18.6,5.3,6,15.8,4.4,2.3,1,1,1,2,2,2
ASM2726v1,GCF_000027265.1_ASM2726v1_protein.faa_WP_015899169.1,-,ssp6_aligned,-,0.88,18.5,3.3,1.5,17.7,3.0,1.5,1,1,0,1,1,1
ASM395573v1,GCF_003955735.1_ASM395573v1_protein.faa_WP_126127422.1,-,ssp6_aligned,-,1.5,17.8,0.3,7.9,15.4,0.1,1.9,2,0,0,2,2,2
ASM158187v1,GCF_001581875.1_ASM158187v1_protein.faa_WP_036160838.1,-,ssp6_aligned,-,2.4,17.1,0.1,1.4e+02,11.3,0.0,2.4,2,0,0,2,2,2
ASM162973v1,GCF_001629735.1_ASM162973v1_protein.faa_WP_036160838.1,-,ssp6_aligned,-,2.4,17.1,0.1,1.4e+02,11.3,0.0,2.4,2,0,0,2,2,2
ASM157272v1,GCF_001572725.1_ASM157272v1_protein.faa_WP_099050088.1,-,ssp6_aligned,-,2.4,17.1,0.3,3.8,16.4,0.3,1.3,1,1,0,1,1,1
ASM78490v1,GCF_000784905.1_ASM78490v1_protein.faa_WP_038416754.1,-,ssp6_aligned,-,3.3,16.6,0.6,6,15.8,0.5,1.5,1,1,0,1,1,1
ASM78935v1,GCF_000789355.1_ASM78935v1_protein.faa_WP_080315393.1,-,ssp6_aligned,-,4.6,16.2,0.8,11,15.0,0.8,1.5,2,0,0,2,2,1
ASM164464v1,GCF_001644645.1_ASM164464v1_protein.faa_WP_066408328.1,-,ssp6_aligned,-,5,16.1,1.0,10,15.1,1.0,1.5,1,0,0,1,1,1
ASM30712v1,GCF_000307125.1_ASM30712v1_protein.faa_WP_003373628.1,-,ssp6_aligned,-,5.2,16.0,0.9,11,15.0,0.8,1.5,2,0,0,2,2,1
ASM82793v1,GCF_000827935.1_ASM82793v1_protein.faa_WP_003373628.1,-,ssp6_aligned,-,5.2,16.0,0.9,11,15.0,0.8,1.5,2,0,0,2,2,1
ASM82795v1,GCF_000827955.1_ASM82795v1_protein.faa_WP_003373628.1,-,ssp6_aligned,-,5.2,16.0,0.9,11,15.0,0.8,1.5,2,0,0,2,2,1
ASM293406v1,GCF_002934065.1_ASM293406v1_protein.faa_WP_104502205.1,-,ssp6_aligned,-,5.9,15.8,0.1,9.9,15.1,0.1,1.3,1,0,0,1,1,1
ASM778v1,GCF_000007785.1_ASM778v1_protein.faa_NP_815608.1,-,ssp6_aligned,-,6.1,15.8,0.0,1.2e+03,8.3,0.1,2.1,2,0,0,2,2,2
ASM28119v1,GCF_000281195.1_ASM28119v1_protein.faa_WP_002381763.1,-,ssp6_aligned,-,6.1,15.8,0.0,1.2e+03,8.3,0.1,2.1,2,0,0,2,2,2
ASM55074v1,GCF_000550745.1_ASM55074v1_protein.faa_WP_002381763.1,-,ssp6_aligned,-,6.1,15.8,0.0,1.2e+03,8.3,0.1,2.1,2,0,0,2,2,2
ASM74297v1,GCF_000742975.1_ASM74297v1_protein.faa_WP_002381763.1,-,ssp6_aligned,-,6.1,15.8,0.0,1.2e+03,8.3,0.1,2.1,2,0,0,2,2,2
ASM19053v1,GCF_000190535.1_ASM19053v1_protein.faa_WP_013612033.1,-,ssp6_aligned,-,6.9,15.6,0.0,12,14.8,0.0,1.3,1,0,0,1,1,1
ASM197566v1,GCF_001975665.1_ASM197566v1_protein.faa_WP_068362214.1,-,ssp6_aligned,-,6.9,15.6,0.5,8.1,15.4,0.5,1.1,1,0,0,1,1,1
ASM335306v1,GCF_003353065.1_ASM335306v1_protein.faa_WP_114984301.1,-,ssp6_aligned,-,7.1,15.6,0.1,9.5,15.1,0.1,1.4,1,0,0,1,1,1
ASM207847v1,GCF_002078475.1_ASM207847v1_protein.faa_WP_004257908.1,-,ssp6_aligned,-,7.6,15.5,0.0,4.5e+02,9.7,0.0,2.2,2,0,0,2,2,2
ASM207899v2,GCF_002078995.2_ASM207899v2_protein.faa_WP_004257908.1,-,ssp6_aligned,-,7.6,15.5,0.0,4.5e+02,9.7,0.0,2.2,2,0,0,2,2,2
ASM222059v1,GCF_002220595.1_ASM222059v1_protein.faa_WP_033633596.1,-,ssp6_aligned,-,7.8,15.4,0.0,7.8,15.4,0.0,1.1,1,0,0,1,1,1
ASM293505v1,GCF_002935055.1_ASM293505v1_protein.faa_WP_033633596.1,-,ssp6_aligned,-,7.8,15.4,0.0,7.8,15.4,0.0,1.1,1,0,0,1,1,1
ASM198955v1,GCF_001989555.1_ASM198955v1_protein.faa_WP_077143768.1,-,ssp6_aligned,-,8,15.4,0.0,1.2e+03,8.3,0.1,2.1,2,0,0,2,2,2
ASM18626v1,GCF_000186265.1_ASM18626v1_protein.faa_WP_013550211.1,-,ssp6_aligned,-,8.8,15.3,0.4,49,12.8,0.1,2.0,1,1,1,2,2,2
ASM78939v1,GCF_000789395.1_ASM78939v1_protein.faa_WP_039310642.1,-,ssp6_aligned,-,9.1,15.2,0.0,18,14.3,0.0,1.4,1,0,0,1,1,1
ASM23138v3,GCF_000231385.2_ASM23138v3_protein.faa_WP_014901058.1,-,ssp6_aligned,-,9.5,15.1,0.1,20,14.1,0.1,1.5,1,0,0,1,1,1
